id,product_id,competitor_name,competitor_price,scraped_at
c9e76c41-b847-4501-92e8-047153cd5837,1224dcb9-7363-43d1-a356-53ec4c76eeb2,Tata CLiQ,2733.95,2024-04-02T12:20:11.000000
7fc6b5e5-5ed6-4c05-b88b-cd205f1c7bea,b608f327-52ca-430b-8121-bdb804215792,Tata CLiQ,2373.02,2022-06-19T15:32:31.000000
88995960-421b-4e3a-81bc-bf3e5c99d405,0d212128-5f53-4250-9f9e-804beab0abd9,Tata CLiQ,1786.34,2026-07-17T02:10:40.000000
c32670c5-bd8b-4fc6-a927-5244c1646c2c,5f03889a-7d5c-4f17-ae3d-4dd8b2cbf885,Amazon India,405.22,2024-06-04T05:33:40.000000
95b3b140-7ce2-424d-9e40-8ac427791fda,65ff1688-5555-42b8-9bba-e9a844abd23b,Purplle,585.36,2025-07-19T16:05:01.000000
2163324b-2a25-434e-aa98-8ce3a24779e5,9c27fcbb-7914-4bd6-8604-df1aeaf7e145,Tata CLiQ,2034.97,2025-06-15T06:37:11.000000
f133ca2d-6383-4368-a7be-dfab551cf2c2,961ae9c4-7d16-4d1e-ad22-310378d75899,Myntra,2272.35,2022-06-06T20:32:59.000000
51f5bc6e-490a-40d8-bcaf-f88f22b7f057,e6b839a9-fa91-4e2a-bd7a-ffeb08348300,Bookswagon,926.74,2024-07-25T17:27:29.000000
73dd2980-e1d6-4209-baec-80e18e88906e,7a43dcb5-f661-4eee-bba6-d123bb2d7310,Myntra,1876.43,2025-11-17T06:24:05.000000
6097f7de-cf11-4022-a737-15aa485eff76,2597b5a3-f2f2-458c-9a78-8be6620767a2,Flipkart,1550.37,2023-01-29T09:37:00.000000
0465dd43-96bc-493c-9767-83c661715502,f2a704b3-436c-4773-8f46-4c1dc6090192,Flipkart,919.57,2026-09-01T21:28:47.000000
3b606b16-c4a1-4da8-9eb2-1a910f83a18d,f73def59-7ec1-44b8-bc45-9de4755e7792,Meesho,1523.93,2022-09-25T13:51:58.000000
c6a83363-bf14-463c-826e-311429cf369c,9b7dccb9-7696-4366-918a-57622a3c5dd7,Amazon India,640.5,2021-10-03T19:53:17.000000
4f430ee2-5136-4c78-ba0c-aa4463e091dc,b3d56793-0260-4fcd-b034-7569d40d9662,Tata CLiQ,4951.85,2024-04-03T23:18:45.000000
cb3b9e14-d708-44e0-a0c1-6df65dc0897a,65ff1688-5555-42b8-9bba-e9a844abd23b,Tata CLiQ,567.52,2022-12-08T15:47:55.000000
a55f3ed8-70bc-40f7-b430-4d5e97060a31,33dfbf71-5b00-4493-91b7-f0bc444c23af,Myntra,3068.29,2023-02-08T03:44:06.000000
19f72ebc-78a3-4866-92a4-267c9a18d2e5,d4b56b16-f7b1-48ec-a302-ef296defa4bf,Flipkart,2323.93,2023-10-27T04:05:49.000000
73b6a370-75d5-4b28-918d-3f1e7703742e,2258402e-1684-4d4c-b781-68dea8bc536f,Flipkart,1089.74,2023-08-07T18:09:16.000000
99547783-462a-4e8a-b4a3-e97f50959d04,664fe812-aa0e-4874-9870-b84e29797e7a,Amazon India,21810.82,2025-12-28T23:30:20.000000
3aa3444a-c2b0-4140-9bcd-bd92ed2b5c80,702d88d2-449c-4ed9-ab9d-25d61ce2fff8,Flipkart,8723.43,2023-02-10T18:40:49.000000
9e0a27bf-35b8-4d15-9392-7e73bee1dd25,6739bb22-0aa1-40f5-a744-022d1ef1e60e,Tata CLiQ,2394.49,2024-12-21T10:42:09.000000
b113cec5-90b9-439e-8ebe-578c3635ea4f,451f4282-2beb-423c-874f-d989b4941ecc,Amazon India,1831.54,2023-12-06T17:32:49.000000
6b741927-65ec-46b9-a41d-3e90832e30b9,f73def59-7ec1-44b8-bc45-9de4755e7792,Amazon India,1480.34,2026-02-20T23:22:16.000000
46fb9760-0874-47ee-b6af-cb1c85e741c6,1ac45684-b9ac-4390-8ce2-3bb6f6ba4241,Flipkart,1775.44,2023-03-29T16:50:43.000000
e063193b-5048-40af-a003-528091a04021,ddcd6fa3-0c49-4aa3-9e63-363dd3b5cfa8,Reliance Digital,58110.32,2022-10-14T18:42:27.000000
dc6b0781-b68a-4e0d-9895-783fa0342869,71b098f3-af00-4b5f-a71c-2fd61c801948,Reliance Digital,2928.91,2021-10-29T05:44:27.000000
5592e309-b303-469d-935e-29983af287c6,ad1f41c0-f53c-435d-b404-a2fe4e233ed0,Meesho,2938.42,2023-01-24T23:02:16.000000
3d91bdfb-580b-4ec2-b4a7-9b5147afa126,c5778789-2512-4d5c-9ae6-07dc86466c46,Flipkart,993.3,2024-11-27T22:31:16.000000
f4975edc-2711-44a2-8703-ac61be905636,76ca7c89-ae90-4b47-8f92-fe486f82a327,Tata CLiQ,4633.27,2023-09-30T08:53:39.000000
477b7d71-07e4-4b17-98a7-d0d67c99ceb1,8d550cce-b51d-4031-afbd-d2fb4583d117,Bookswagon,285.78,2026-08-08T17:02:58.000000
c6dce07e-c5dc-4bee-a427-a3ddd7b2f7b0,d857c8df-976f-45c3-9daf-4f5c7942eda9,Amazon India,2345.6,2024-11-08T20:18:24.000000
6ec33cd0-3131-455f-b8cd-62ecd7a012b9,cc432fbe-eb50-4757-a9df-a26235191136,Amazon India,3900.4,2022-07-17T03:20:55.000000
216df82b-ed35-42f0-a4e4-4448416be4c8,53d3606e-c05d-49ed-a4b3-b6a6b23b7626,Tata CLiQ,656.68,2024-03-08T11:26:23.000000
f6d63ad7-5cac-4437-b0a1-3c7049f89020,ee55fd12-d3b2-4eff-a2c4-f6758c750e96,Reliance Digital,1882.84,2022-06-29T23:25:30.000000
af8270a4-5960-4c0f-956f-b4748d35f7e2,5e9a4ed5-7cff-4ac0-bb88-a5a34193e174,Amazon India,81379.08,2024-02-13T18:54:35.000000
0e7cccb9-9485-408b-88db-074309bf98d4,663550d4-2ba3-48f6-9c16-bdf8a1489f11,Croma,9244.29,2022-01-20T05:43:51.000000
92893adc-aaac-458f-8d58-7723f6167d3c,b5fc15fb-f9b4-474b-8de2-4a402895a416,Meesho,1508.88,2023-03-29T20:45:08.000000
597e83a2-de27-450f-8f00-846b3df55899,d5fab55a-32c3-4b15-9246-be6bd694bea9,Flipkart,1744.97,2025-01-26T04:42:32.000000
64d4dda4-985e-495f-b3d5-e82d8797c1de,76f54a22-ebda-4d31-a61e-b298d7613933,Nykaa,423.6,2021-10-21T00:51:32.000000
1927b983-667a-46ff-9fa8-3b915b6242b3,456fda85-334a-42f7-ba9a-f17c6d6c89a5,Tata CLiQ,2311.7,2024-08-02T00:57:49.000000
8a0731c4-09ac-4c42-8c59-0c0e46421192,7ff1dee9-fe1a-4ff6-a175-08dd9bf880ff,SapnaOnline,447.06,2025-06-19T21:18:29.000000
c221a878-9243-4da3-b58e-5900861029ed,815341bb-ad12-4286-b1f3-96a61032adde,Purplle,526.41,2026-08-21T03:09:15.000000
5b5f32ef-b966-4a3f-ad5c-954f84aca6f6,289fdadf-41b3-437c-a3ff-2f8c61037a5f,Myntra,1737.51,2025-05-18T10:35:45.000000
47666dd3-dd8f-4642-8d2e-9dd6030edbeb,58b3a365-5448-4866-8518-229ca065c645,Flipkart,1587.19,2025-05-19T15:33:25.000000
b3638eef-c9de-432e-9a1a-18c6f586a4d8,1ac45684-b9ac-4390-8ce2-3bb6f6ba4241,Reliance Digital,1942.73,2023-03-29T07:50:31.000000
e7d8996e-d676-4684-8a62-61186b8ca5e6,53d3606e-c05d-49ed-a4b3-b6a6b23b7626,Amazon India,601.36,2024-08-31T13:27:25.000000
5148bea7-670a-41fb-9c3d-902bd6cc49d7,56b68688-7060-4263-80fe-4d08b24eb5a4,SapnaOnline,1230.43,2026-06-02T15:50:44.000000
0116de77-05c7-47a4-8988-f5011df5d613,aeec4ca5-8c21-4f12-a213-231b6f054ee1,Croma,3078.78,2024-10-21T03:19:12.000000
5ce203ad-598b-4536-a99b-6b836991fd25,289fdadf-41b3-437c-a3ff-2f8c61037a5f,Meesho,1708.22,2022-03-31T20:18:01.000000
00539a3d-49dc-4226-9cca-52525cfa3003,65ff1688-5555-42b8-9bba-e9a844abd23b,Nykaa,539.39,2024-01-25T17:07:50.000000
f06d4260-8d36-44d0-973a-c0b7d31291d2,fb0282ab-6277-40a1-8a7f-ffa8fba55fa8,Purplle,391.25,2024-10-28T04:35:29.000000
cf68582f-0d47-43d9-a712-e698281acc98,bb25e039-8d91-43c9-bb65-ba840cda9540,Flipkart,4550.05,2025-07-11T18:32:11.000000
bcb65dfd-b75a-490e-9340-310b14580012,bf510978-425c-4e2f-b4ee-1a1e61011389,Tata CLiQ,22278.05,2023-07-27T20:14:56.000000
62c97d50-15b0-481e-a754-b296dfc32293,afa4434e-d6c3-48ad-aa7c-29b3973a5ed4,Nykaa,580.02,2022-06-30T23:42:30.000000
50ab2384-8320-4a40-9f30-1843a35da418,c6da35aa-c78c-4537-acad-206c8644931c,Reliance Digital,2492.87,2025-04-01T01:16:53.000000
c12c2954-c011-4e11-8930-4bb56fd70e61,8049d828-e9dd-49d0-8548-f988d0b04acf,Flipkart,481.27,2021-12-03T06:24:54.000000
157b16de-9b41-4b24-92d6-3c48e540c861,3db4228a-0c41-450b-90be-7957312ae6bf,Amazon India,457.79,2023-01-12T21:34:35.000000
92b88884-5e00-48d7-98e3-73a0f44d2c30,ce95e9fe-353b-4017-948a-2234e7504113,Reliance Digital,2724.65,2026-08-14T04:35:20.000000
e473e1ee-196c-47af-8961-ce1a9722843f,e618e7ca-1edb-4b79-beb2-f3b2e5dbce20,Ajio,2014.93,2022-08-17T11:58:42.000000
179c0b22-ac2e-4644-8b95-32225949d4c0,53a32163-a3b5-42ee-b269-7b574650ca63,Croma,23973.01,2021-10-06T10:39:05.000000
3e03ce90-695a-45a7-ae72-c8d49f1717a8,27d4e104-2491-4ce0-87f1-b9511ef3e173,Flipkart,7299.46,2025-06-12T14:45:17.000000
47030d1e-2dcc-49fc-9077-ccd843491c1f,6b21e6a5-1027-44b6-a1dd-b1ec49d31f35,Ajio,1314.22,2023-11-12T20:57:30.000000
80cf9024-da3e-48e2-a8bc-33bde0875ac9,d1854dc1-18c9-4830-bb40-67d4f703bed6,SapnaOnline,550.14,2022-08-03T00:46:40.000000
9e1ab3f6-ad2e-49d4-8ee1-a90b95c20134,d834722f-5722-4955-a97f-1171c3722322,Meesho,1399.12,2024-03-05T23:35:54.000000
fc9b7380-ce54-4cc1-bade-cd892958c7b6,1224dcb9-7363-43d1-a356-53ec4c76eeb2,Flipkart,2580.57,2025-01-02T12:58:57.000000
6da309ce-5dde-4b10-ad4b-67cf865f9b7c,3f85b8c0-67d5-41f5-8025-1da9083fabf8,Flipkart,549.25,2021-11-15T21:50:59.000000
652be519-9ca6-44cc-810c-f801797c5070,74b78229-10b6-451d-894d-b53b53a3ec65,Tata CLiQ,4823.54,2025-01-09T02:25:23.000000
999f7892-d2c4-45d3-b394-f5f5bdff8aed,5069592c-d13a-4031-b084-72f140033894,Tata CLiQ,687.8,2025-08-22T10:36:25.000000
81928a0b-92c4-4b41-9f63-26d00f6c3e6a,41c837ee-dfdb-4f7c-8658-c35524333e7b,Myntra,4878.97,2026-08-11T20:27:24.000000
88a4cfa7-7f09-4358-b8a0-4d0a44a5f575,38bdd613-ff74-437a-8169-13489851aa0f,Ajio,2911.8,2025-03-19T17:38:55.000000
5bc73552-a489-447d-9b1f-470d898f5072,d857c8df-976f-45c3-9daf-4f5c7942eda9,Reliance Digital,2479.6,2023-05-15T14:39:46.000000
d1657751-6890-4946-8650-a685965f9204,58b3a365-5448-4866-8518-229ca065c645,Tata CLiQ,1699.59,2025-03-03T00:51:07.000000
6d2810ce-835b-4128-a930-64e3ad9ed7e7,143f2090-d601-4e5c-b53e-d2197c595e6b,Flipkart,2157.73,2022-10-17T12:33:22.000000
a8e8477f-04b9-4dd0-b36b-94821b06b920,fad4b622-b1c4-43e0-b37f-df306fe138f4,Croma,58742.08,2023-03-04T04:10:21.000000
820fa6d5-4360-4789-b74c-0c84828f93c4,b19239d6-581c-4754-a1c7-b352bf882ec9,Tata CLiQ,4718.54,2022-12-23T10:57:10.000000
d65406d7-04e9-4571-bf55-0c67987d640c,ce95e9fe-353b-4017-948a-2234e7504113,Flipkart,2901.84,2022-09-04T16:58:05.000000
6640e3ae-3dbf-48b8-8b02-b6bf6ac63cf4,d27fd6cb-193a-4857-ab8a-0a5c5d944e4a,Nykaa,383.87,2023-01-10T10:06:26.000000
75b8aacc-bf00-47c0-ba91-7656496a4eb5,aeec4ca5-8c21-4f12-a213-231b6f054ee1,Tata CLiQ,2852.39,2022-09-21T20:35:18.000000
01c5bdec-2c66-421f-b309-422665b07667,8257129d-cb94-4214-8b35-0efb069fdbd8,Croma,4496.41,2024-08-28T08:52:47.000000
00526cab-75e2-4b44-8b83-97d12e08bb01,6f253484-7238-45f3-b14b-c027095242aa,Amazon India,389.3,2022-01-04T09:43:19.000000
514e5f60-7f4e-4e40-a36e-3bf4fa1d70bc,a7abd203-f53d-4fef-a1c4-509f69a45a54,Meesho,8623.14,2022-07-12T12:37:43.000000
46988c62-ed2e-4c53-98db-f9cd6748b145,52912f95-93b1-4b65-9497-ff495e9f9842,Nykaa,318.55,2024-07-13T09:43:36.000000
eb97aefc-fa09-47d6-a7de-ee79237045fb,eacc5804-f7b2-451c-8dd5-0a1d91a3d8c4,Flipkart,556.49,2023-05-08T03:51:37.000000
5664dd5f-67bd-471d-aa63-9c8b9d125ca4,1fa92a73-ee85-460f-99ab-6de0b6c17fcd,Tata CLiQ,585.11,2024-11-20T23:54:29.000000
798f4296-4464-4d47-be35-a7756482a2ac,9f306c3e-12a4-4590-9737-489d129bd6af,Amazon India,522.5,2022-10-14T16:17:26.000000
32f5f2e0-7d76-4e2d-8d9d-d34d16570905,9e3d628e-8cb7-4b84-b230-63b5fad0d309,Flipkart,1436.27,2026-03-30T13:22:09.000000
8907ae7a-8bc4-4381-aed6-fd63f263742d,acfbec42-da58-45ed-bff4-a08a169ad6fa,Reliance Digital,2645.01,2025-01-31T04:36:39.000000
effe56bb-2b89-4391-aa2e-7d38bebd9345,fbd78605-855c-400f-a106-2b08b71fd5e6,Flipkart,1033.47,2025-06-22T12:39:29.000000
2ceba2a5-21f8-4503-a6aa-49d966832461,6ab8bf38-5787-40c6-bdfe-75fd88e7ba1c,Meesho,947.39,2025-09-22T13:57:30.000000
4d8ee3cb-6fb1-455f-9c74-6a697f516c83,53a32163-a3b5-42ee-b269-7b574650ca63,Flipkart,23359.32,2023-04-25T12:49:05.000000
8d6c59a2-36ba-4418-910a-0b18ce47bcf0,1224dcb9-7363-43d1-a356-53ec4c76eeb2,Amazon India,2560.54,2025-10-17T16:06:12.000000
deddcb17-e344-4936-ae4a-fd809fa3e996,9d0f81b6-1eb7-45af-b116-d964c38b301d,Meesho,1836.71,2025-07-15T19:20:11.000000
caec1b40-10b1-4eed-8e53-49b1f5bb4804,16dc8cda-f2c9-420c-940d-0554da281275,Meesho,2345.23,2024-03-20T21:22:59.000000
c57786a2-2b2b-46b3-9f06-9aeb1d37283f,8097f01f-d432-45af-9e66-d5ccfd2bc5ba,Ajio,3495.76,2025-10-14T19:11:47.000000
3d8fba6d-8090-4517-9ffa-74383cb59b09,4d16bc07-58c8-4b9b-b94a-6e4cfbee5960,Ajio,1864.35,2025-04-25T03:05:42.000000
75be64f9-0b3b-411e-be09-603bd1d33adc,85ec85da-c65e-40b9-a297-d3f8a62f2280,Purplle,361.03,2023-03-19T18:25:09.000000
99c5e143-109c-4ca5-acd9-e43ea132a789,b3d56793-0260-4fcd-b034-7569d40d9662,Amazon India,4803.22,2023-11-07T15:46:43.000000
9f1e8b45-dd1b-4bc3-9a35-e044bf3d0d89,1179bbd5-6733-43fb-8828-c236947707b7,Tata CLiQ,541.18,2021-09-07T08:12:08.000000
f8af113a-3581-4bc4-8fd5-95a765dc4f3b,420d545d-a880-4058-b68e-00c27f141d3c,Croma,5279.94,2025-01-31T21:01:23.000000
5894fa2b-52b2-4788-8452-b6f6126f2106,815341bb-ad12-4286-b1f3-96a61032adde,Amazon India,534.05,2024-01-30T06:38:37.000000
14b7f974-b439-4b62-86f3-d1407d198b21,e7a814e7-4a9b-427d-944a-f6d41373b957,Myntra,4090.2,2024-12-09T04:43:37.000000
cced7c2a-cf9f-4169-b879-9daaac2aeaf3,ebd2b50e-b7d0-42ff-ba88-0df575963d1e,Amazon India,2537.88,2022-04-04T05:48:15.000000
8a9c2ac0-af78-4e57-8c4e-2c1e43062ad1,d857c8df-976f-45c3-9daf-4f5c7942eda9,Meesho,2193.14,2026-03-22T06:54:34.000000
3ba96d76-7b6b-4e88-837b-8909776ae818,0d212128-5f53-4250-9f9e-804beab0abd9,Meesho,1801.09,2021-12-05T00:17:34.000000
a6a5d680-26c2-41cf-9591-b8dd56469a16,0c71baed-8f89-4d68-b31b-0c57cf796e2c,Reliance Digital,1715.81,2024-04-23T22:59:08.000000
634b5945-cd0b-4a4a-aaf4-fbd80ba3b099,64d1384f-69fd-4622-8300-57de2e054d95,Tata CLiQ,4294.62,2023-06-12T04:55:11.000000
ac4fa504-f842-469f-86ac-9d479922aff7,aaf74c9c-306a-4e12-a320-81f5f6921883,Myntra,4375.53,2022-03-25T01:04:46.000000
18c92243-da17-4944-b744-fea17380d7aa,d4b56b16-f7b1-48ec-a302-ef296defa4bf,Myntra,2375.89,2024-10-17T23:52:07.000000
2082e91e-c7e1-41b4-9576-6729483fd482,76f54a22-ebda-4d31-a61e-b298d7613933,Purplle,425.55,2024-02-10T07:11:35.000000
f19d5d98-4af8-41fb-8480-655824c910e4,bc942593-3c21-4565-b934-42a55afc8482,Amazon India,492.31,2022-03-30T19:08:26.000000
000879fb-3d64-41d4-b7f5-b7aba6675701,b915780b-dca1-4fe0-9d41-bb1eed101603,Bookswagon,912.04,2024-06-16T01:17:02.000000
8f1b505e-4c54-48dd-b00d-8aa245e03d0d,664fe812-aa0e-4874-9870-b84e29797e7a,Reliance Digital,19032.5,2024-02-11T16:23:12.000000
d9928799-6740-4223-9249-89aa6c2c9603,68632aee-dd49-4a76-acf5-4c533eb7f9ac,Croma,2784.89,2026-01-05T05:13:30.000000
fedc0b86-bf0c-43f4-98fd-de064aa060c3,447d234a-3aa6-422d-9443-e66bff138449,Flipkart,2350.78,2021-10-09T15:21:17.000000
554994c3-8cde-430b-9265-7bc150e4388a,50bac632-f1ec-4e8f-8232-54d18724d835,Reliance Digital,1166.95,2023-08-30T14:55:51.000000
c9c738bc-5b2f-4572-90e5-d3f041b7a0f4,09af1a2c-c18c-46ba-aee6-6fa64f91da88,Amazon India,1532.48,2025-12-16T23:50:47.000000
dabb65fa-484a-4749-b083-42ba77d0df42,9a9e06a5-9d4d-44fa-b28c-9867ebcac910,Amazon India,284.38,2024-08-10T22:03:15.000000
fe551e30-cc05-470c-abbd-4774eaf5654d,447d234a-3aa6-422d-9443-e66bff138449,Ajio,2704.85,2024-08-16T11:54:52.000000
a4fa95b3-432f-4f15-b1fd-edb0c640eac7,943ffcd6-1000-4246-a0a2-db3572b827a6,Amazon India,969.05,2024-06-12T18:19:19.000000
824ef1c3-d454-4e0f-beab-818b506b6a0d,0ddccaed-3349-4fa1-8339-9b1774bd02c4,Meesho,5401.82,2026-03-20T20:15:18.000000
65fc44dd-6529-4037-9bdd-f59fe30033a9,5bf77475-fb98-44a8-aa59-51b0240c9bdf,Myntra,1927.39,2024-05-10T07:15:06.000000
dabeed88-34c5-4906-8667-c68db4da07ff,2e648ebb-28c7-4e60-ac3b-2fdad5fd63b1,Amazon India,568.96,2023-05-29T14:47:04.000000
5fa48154-f1f7-4e26-a8ef-70dd64d8e01d,009c768a-4d60-47f5-9d39-9e1aceb14b5a,Meesho,900.84,2023-11-22T04:19:37.000000
051a9f76-e4cd-4e8f-afbf-1a54a1261456,f0e1dc90-af8a-407d-94e0-ac88ed7521df,Flipkart,613.95,2022-04-12T17:45:18.000000
3fe97061-5061-4af8-ab30-f1d6b8b88037,ad1f41c0-f53c-435d-b404-a2fe4e233ed0,Tata CLiQ,2742.93,2025-11-22T13:52:57.000000
01222f10-ef43-4107-9898-50c64f51d9c0,b21da6bf-b117-4c65-a996-3394f6571376,Flipkart,77283.37,2023-03-25T14:08:34.000000
cc32770a-421e-4b47-9370-465c822e6902,32064b33-4be1-4ab7-8eff-3279f99bb356,Reliance Digital,7695.16,2026-01-15T21:33:36.000000
821f6531-b49a-4f2e-951f-306be34b8a00,d27fd6cb-193a-4857-ab8a-0a5c5d944e4a,Tata CLiQ,430.0,2026-07-20T19:04:44.000000
1155fbac-1b23-4ca9-b7ea-f287254e24f0,5f03889a-7d5c-4f17-ae3d-4dd8b2cbf885,Flipkart,396.53,2023-05-29T03:14:25.000000
1d91a1d2-6d11-436f-a5c0-082e067fa64c,ce95e9fe-353b-4017-948a-2234e7504113,Amazon India,2540.07,2023-03-15T00:20:48.000000
4a07b7fc-354a-4473-99c0-ed65291c7e05,440abbcf-2a0d-483c-983f-bb87f59da32a,Amazon India,2655.18,2026-02-09T02:23:25.000000
99a162f3-27d3-43bd-b3a4-6215c811f331,d40baefd-76f4-49d8-8667-02e251c37a79,Meesho,5159.46,2021-12-18T15:52:41.000000
daff9be5-c620-45f2-b5ec-aa93e4e32e49,37ecd832-dde0-4208-adac-38aa16b841e4,Purplle,346.59,2024-02-12T17:06:18.000000
35ac38dd-1873-474d-a494-135aa75151f7,7ff1dee9-fe1a-4ff6-a175-08dd9bf880ff,Amazon India,489.07,2023-05-22T20:07:07.000000
f033785f-7879-4aaf-957c-8122d289b2d6,bad11052-94e4-48ff-acfc-808b76034287,Croma,756.86,2025-02-05T20:42:02.000000
815e7ec1-ecf6-410b-8ea7-61ae29ec25f9,c4cac175-2e4f-4288-b595-60fbf40c8564,Ajio,3421.37,2023-03-28T03:09:43.000000
f68cf7b0-bc95-49ee-a884-6a266e054513,3f85b8c0-67d5-41f5-8025-1da9083fabf8,Amazon India,534.08,2021-09-21T22:05:38.000000
8a9b32e2-9469-42de-80e1-24c655b5d2ba,ef447761-b274-4808-b18e-cdc8396e706a,Reliance Digital,6238.32,2024-06-01T13:40:45.000000
67038caf-fc7a-4c4e-9e79-bd522607a0c0,e95b1a83-ee1c-493e-98f6-693643cf3abf,Meesho,550.16,2024-02-26T15:40:39.000000
6ffbf02e-2abd-42fa-96fd-858b9bb281f4,8193f07b-ad50-4756-8756-e3ac592ec4c4,Meesho,4349.79,2025-02-15T07:51:10.000000
5a16cb2a-a8ac-4329-a852-e5cafd3eaaa2,5bf77475-fb98-44a8-aa59-51b0240c9bdf,Amazon India,2020.01,2022-08-31T04:23:45.000000
66283062-487f-44ee-bdf5-4349c2d5a314,961ae9c4-7d16-4d1e-ad22-310378d75899,Ajio,2106.49,2024-09-20T10:43:27.000000
2f8a08c3-a947-46fc-be44-25c8a636577e,027782ef-444d-485e-9393-ea15042f21c4,Purplle,656.88,2025-01-14T13:31:00.000000
c3b3c101-798d-4a79-aeb8-ad8266f7d69a,bb25e039-8d91-43c9-bb65-ba840cda9540,Croma,4984.59,2026-06-05T07:30:24.000000
57b34433-d476-4967-818f-f57b046af4fd,5bf77475-fb98-44a8-aa59-51b0240c9bdf,Flipkart,2101.63,2026-07-22T04:55:49.000000
316c9717-6f84-4b37-a13e-635dada8b875,b11c4935-24b7-4d43-a4ed-8bcfff4c7f05,Flipkart,24992.43,2022-06-22T06:17:21.000000
cf556b2d-e4a4-4261-b5aa-cc3b34e54465,b915780b-dca1-4fe0-9d41-bb1eed101603,Flipkart,887.84,2025-01-25T04:38:53.000000
195b973b-56d9-4467-af7b-2ec66aa6255c,b5fc15fb-f9b4-474b-8de2-4a402895a416,Myntra,1486.83,2022-02-18T03:17:20.000000
2c958c5a-fb73-45cd-9d10-b30d9e8b2361,7c31c7ba-3814-4fb8-927b-8d0b3d69da7d,Reliance Digital,3788.39,2022-10-20T04:18:33.000000
17fae970-3056-4ad5-92dc-1f704ad68126,ee198820-2c68-43c6-b1f1-8ed3970544ae,Tata CLiQ,2574.77,2026-08-09T14:29:27.000000
a726a0b7-66da-46a8-83de-019b226d1b9a,50bac632-f1ec-4e8f-8232-54d18724d835,Meesho,1276.51,2023-04-24T07:32:22.000000
ddf1ef90-abaa-4b8f-9f2d-6d2fc0a4deb9,21e21426-9444-4ae5-adc7-a91138fcdcf7,Tata CLiQ,4566.41,2023-10-25T08:26:16.000000
08e98ed4-fc29-443a-82a3-9f6e8b657109,b21da6bf-b117-4c65-a996-3394f6571376,Reliance Digital,77793.6,2024-12-31T01:10:20.000000
82759635-34d1-4d02-bb80-a5037234fc0c,21e21426-9444-4ae5-adc7-a91138fcdcf7,Amazon India,4251.58,2026-08-07T07:14:50.000000
36c264af-f6ab-4a32-a43e-a700592a6029,6b21e6a5-1027-44b6-a1dd-b1ec49d31f35,Meesho,1416.53,2025-07-21T19:43:58.000000
9bee0700-e12e-4773-ad77-d5ae7f0d47b3,1bab7462-813a-4d6f-a7b1-1cb83f3451bc,Croma,4384.7,2025-11-14T02:29:59.000000
994d5073-a5de-4431-aa3b-37c928d45443,24447b70-f64e-4c1d-9cc1-8be96d54f3a0,Amazon India,41674.67,2023-04-26T05:18:11.000000
2d6b4deb-eefb-457d-81b0-7e3cb4fe7d58,6a6f7b18-8a5a-48f0-8e1d-31a64e9361d4,Croma,4319.29,2022-04-23T16:04:29.000000
d1a3e759-60e2-4bd0-9834-3a90170779eb,5f03889a-7d5c-4f17-ae3d-4dd8b2cbf885,Tata CLiQ,404.04,2025-04-06T00:48:16.000000
8df43e31-daf9-439a-9050-1ee40f679c87,0c574cc0-f7b5-4da0-aaa0-6be742dec6cd,Meesho,2402.41,2024-04-26T08:15:03.000000
ba92fc40-a301-4fb3-8fd1-efde7bb6c83c,289fdadf-41b3-437c-a3ff-2f8c61037a5f,Amazon India,1799.71,2021-11-26T01:08:50.000000
5935f228-3d10-4b67-90ee-9454c8896b71,65ff1688-5555-42b8-9bba-e9a844abd23b,Amazon India,517.88,2022-02-15T10:40:37.000000
d692c3b9-37d6-404e-aef0-2549d2b84364,37ecd832-dde0-4208-adac-38aa16b841e4,Tata CLiQ,335.63,2023-07-19T12:26:13.000000
1eb7e0d9-d35d-4753-b428-d8c9459de618,eacc5804-f7b2-451c-8dd5-0a1d91a3d8c4,SapnaOnline,531.87,2026-04-03T22:10:29.000000
bad1e327-1d72-4782-a8f4-8ae518b45006,3f29e0e3-6773-4cd1-bc3d-05df56183ad9,Meesho,4929.02,2025-11-22T08:43:19.000000
9571d1f3-929e-4cfd-b2a7-7487bacb872b,d4b56b16-f7b1-48ec-a302-ef296defa4bf,Amazon India,2345.77,2022-07-28T03:19:12.000000
206860d2-9005-4f30-901d-3695cf3c5e3d,b3d56793-0260-4fcd-b034-7569d40d9662,Reliance Digital,4990.44,2024-02-19T03:34:36.000000
c60bc222-7b55-4e00-962c-ab5e12f7d6da,663550d4-2ba3-48f6-9c16-bdf8a1489f11,Flipkart,10176.42,2026-01-25T04:38:10.000000
030c47f3-827f-4ede-8aa0-486187000f02,cf3e9c8a-d3cc-47e2-99d5-1a1b0e7f88ff,Meesho,946.04,2021-10-22T01:06:05.000000
11ae4afd-938a-4caf-938d-774ab4f00ff0,93104698-cbf4-45da-b103-48ef94c5d3dc,Amazon India,383.1,2022-05-14T13:37:05.000000
e88a31df-2e08-42ff-b8d4-f3e2f4613209,1e8b9979-cb23-49ab-87f8-30e6a8a64cf1,Croma,7216.55,2022-01-26T03:47:17.000000
1021a1a4-4fea-40a4-a16b-3162906cd560,745fdb21-1c47-4994-90d0-677e133060a7,Amazon India,745.04,2024-01-14T06:43:24.000000
55e3882c-f86a-4d89-a8a4-fd592c6b0700,4fb56175-22a0-46fb-ab53-69c95841afe6,Amazon India,396.16,2023-05-28T11:57:28.000000
6eaa19c6-d007-4c8b-9da0-39badd582c3f,d24ddc34-f07f-425c-a387-13f751844995,Amazon India,745.12,2022-03-03T01:20:49.000000
6753219f-1dd1-4ddb-aebc-f3703e33b4c8,b608f327-52ca-430b-8121-bdb804215792,Ajio,2299.35,2026-04-23T02:07:02.000000
1de279bf-7628-4bca-8adc-9af6a6a8c0d7,745fdb21-1c47-4994-90d0-677e133060a7,Bookswagon,709.09,2022-04-29T01:56:29.000000
b9da2dfc-f8d4-4b50-8208-662c3c35c864,db4d38d8-da76-45df-a223-5dd2258e431a,Reliance Digital,3483.69,2026-08-02T15:29:33.000000
1c6aae7f-add6-4674-9098-8552ca48c346,ee55fd12-d3b2-4eff-a2c4-f6758c750e96,Croma,1945.96,2022-07-20T17:42:21.000000
3afb3cd7-1954-40bb-8fb9-35d89ca17698,f73def59-7ec1-44b8-bc45-9de4755e7792,Myntra,1658.46,2022-10-11T18:11:19.000000
6ef1dabc-2a31-4d6b-9ade-2ee064e976e5,3db4228a-0c41-450b-90be-7957312ae6bf,SapnaOnline,525.34,2024-03-24T22:06:15.000000
43cf91ff-005b-43db-b2ea-4433978fcdd3,a8ce094b-ae10-4bf1-941d-c1950cc18831,Ajio,3077.59,2023-10-22T03:40:53.000000
b6202b95-584c-4070-a53a-b27f576adb50,f0e1dc90-af8a-407d-94e0-ac88ed7521df,Amazon India,598.74,2025-01-12T10:08:34.000000
c1c12e34-0c7a-4483-8c48-795f006c26cd,8d550cce-b51d-4031-afbd-d2fb4583d117,SapnaOnline,271.14,2023-03-17T04:21:43.000000
833de51d-8959-4c95-9010-e8e4c3df5970,53daa991-886f-4f39-847a-2ece359a5ab3,Tata CLiQ,5446.93,2025-01-17T14:25:43.000000
6f371c22-68c1-4e67-bcbc-6baa986876b0,c9bfdc2b-ac03-4730-8137-42035b88aaea,Reliance Digital,7434.12,2022-07-08T02:41:41.000000
31f57bb4-bd38-440b-bea8-8f2795bec4c2,ebd2b50e-b7d0-42ff-ba88-0df575963d1e,Reliance Digital,2268.84,2026-08-09T00:38:26.000000
0b90fa0d-3cc7-4fdf-851c-e8c703f6cd69,5786ea61-e554-4f65-b6b7-c3f4fd0a8927,Amazon India,3124.13,2022-09-13T13:38:33.000000
c4d6e7d1-6769-4878-b171-6ec65d79cc8e,93dd4b7d-d8a5-4b31-958e-c35862c9e670,Bookswagon,336.43,2024-01-14T17:10:08.000000
39f91b73-f40f-4dd6-bda6-b23eca328b3d,a42bea13-6e3e-47ae-93f3-c688351f3f2b,Flipkart,3086.09,2026-02-22T10:27:03.000000
4ee55096-9041-4bec-b9be-ba2b3b6a9839,0c2c12c9-4433-4a88-9241-e78eae060a16,Tata CLiQ,965.24,2022-08-08T01:45:14.000000
7f1d3d5e-d14d-4e49-b3e1-c30f09c46dda,1224dcb9-7363-43d1-a356-53ec4c76eeb2,Meesho,2626.77,2026-08-28T19:44:01.000000
11d34948-9a27-40d9-ad27-b1cec1e9b258,943ffcd6-1000-4246-a0a2-db3572b827a6,Tata CLiQ,1060.64,2021-11-20T23:20:05.000000
7d4d360f-34e6-4473-a52e-e657c37ef230,acfbec42-da58-45ed-bff4-a08a169ad6fa,Amazon India,2744.33,2022-02-07T15:46:19.000000
811d7029-ffb0-4c41-abf3-9118e36185be,68632aee-dd49-4a76-acf5-4c533eb7f9ac,Flipkart,3021.19,2023-07-24T20:37:16.000000
45d1c4e7-9858-49c1-a1b7-c47613e5485c,c2e91902-1d48-433c-9106-8b1290f2f0d9,Amazon India,1677.15,2023-04-15T05:13:19.000000
edbc05fe-c274-4ae9-a2a5-f4361c672b2c,f377cee9-332b-42f4-89df-a9cae939b2d8,Tata CLiQ,2056.56,2024-04-28T21:10:14.000000
48aac4ba-fa6e-4b2b-a1da-270cac6f340d,551b9d7c-ea56-4a40-bc89-c3394a67a78f,Amazon India,1876.28,2026-04-25T21:02:46.000000
cab323ae-08de-427b-8d07-1d2b85b860c3,eec6c7ff-9795-48c1-94b3-f0a3224a1968,Flipkart,9296.95,2022-12-30T04:19:50.000000
8b059a61-6b98-4667-a808-dbce64b45cbb,f7190ead-2cee-4678-8787-3a49b3a8cce4,Ajio,1333.31,2023-01-26T03:31:09.000000
970dc04a-2456-4a1b-95b7-0788e734b48e,745fdb21-1c47-4994-90d0-677e133060a7,Flipkart,795.21,2023-11-23T18:02:42.000000
65a1e2b3-b6ee-40de-8e1c-b9da21ee614f,c87729bb-0b29-4f78-a7a4-dc5ee1b2c70e,Croma,3206.24,2024-04-04T23:25:06.000000
7ef3a043-42ae-419b-a84a-9e2d42e093bf,09af1a2c-c18c-46ba-aee6-6fa64f91da88,Flipkart,1482.14,2025-02-08T09:58:33.000000
57c85fb9-a907-4ee5-ade7-d554ddb18c03,9b7dccb9-7696-4366-918a-57622a3c5dd7,Tata CLiQ,662.94,2023-09-05T04:53:15.000000
e4f52f02-722d-4710-a4d6-63ed99cf4122,9787f620-17a4-46f6-8636-627386c41400,Reliance Digital,2357.43,2021-12-15T04:20:11.000000
4d407386-daad-4460-9a5c-c27a8ad7b841,d24ddc34-f07f-425c-a387-13f751844995,Meesho,697.2,2024-05-31T01:38:53.000000
a9f9b2e4-416e-4ff0-a708-61093b7b55ec,53d3606e-c05d-49ed-a4b3-b6a6b23b7626,Purplle,652.98,2024-07-05T12:46:53.000000
6a8b6924-bf16-473e-8c03-8fa04190da66,d032273b-494c-4f06-97f4-d6d611479a19,Amazon India,6689.36,2022-05-04T09:41:52.000000
a8fc945a-e33c-4a1b-b763-1dea326ae2dd,2258402e-1684-4d4c-b781-68dea8bc536f,Amazon India,1186.91,2025-10-17T06:55:24.000000
1a0f0f1b-8341-45a5-bd11-3a516b7386ae,68632aee-dd49-4a76-acf5-4c533eb7f9ac,Reliance Digital,2967.43,2023-12-01T06:58:06.000000
84509a95-3537-4a73-a5c9-c4a70174a458,6ab60c13-be3f-4b25-ae4e-89d750dba382,Amazon India,4783.72,2025-04-17T06:56:06.000000
eaca6d18-ce49-4ccb-9a15-a5f3d00de6f4,1969fa03-7785-4618-b0d3-3bd4c05f55f9,Meesho,2082.25,2024-08-24T08:53:25.000000
e8583f88-5cbd-4790-9400-8eb98fe6458e,ebd2b50e-b7d0-42ff-ba88-0df575963d1e,Croma,2269.35,2024-03-04T12:42:08.000000
5d8e87a9-5fc1-42ea-8266-65c91f02b04c,d4b56b16-f7b1-48ec-a302-ef296defa4bf,Ajio,2146.86,2024-09-18T00:48:08.000000
3e4b0c7d-fecc-4503-9065-f4cede60c92a,9b7dccb9-7696-4366-918a-57622a3c5dd7,Purplle,744.91,2023-06-19T18:53:51.000000
e1c142fd-e406-4c40-ba53-1678ee3e856c,0cabb4c1-6a1f-4843-a652-309c92c04122,Flipkart,2550.49,2023-06-07T15:06:24.000000
e2c73110-11a7-4351-b2f1-2ba3db3282ca,5786ea61-e554-4f65-b6b7-c3f4fd0a8927,Croma,3056.79,2022-03-16T00:45:59.000000
5e1755c6-b574-4839-9099-a466b197eb41,9e031026-947d-4b91-aa84-1671535cafbe,Amazon India,7302.96,2021-12-20T04:48:35.000000
99df088e-17e3-4b34-b45d-beed87201d98,3027d2a8-4084-4a13-b912-a1e3c36d2415,Meesho,1953.68,2022-07-24T11:37:37.000000
a9db26c6-73db-449f-9e95-2422b2de392d,cefec4f3-b21b-48db-a7ac-1116319e0123,Flipkart,677.05,2025-02-21T19:44:06.000000
7bb9af57-6d7e-4fbb-93e7-31c71b888b50,e01eb390-f896-43e5-8e0e-2827a454c009,Amazon India,4916.14,2021-11-23T09:35:31.000000
ffc64540-4076-428c-bb2e-66dd304c0816,fb0282ab-6277-40a1-8a7f-ffa8fba55fa8,Amazon India,392.26,2023-06-03T09:11:42.000000
bca4c532-554c-49d3-89b7-0caf12c231b2,c60db95a-c956-4bdc-9493-ef13dd75bf02,Tata CLiQ,4904.63,2024-09-03T16:47:02.000000
6e7dc953-97a7-407c-a26d-c01f9b89f82d,a4c72e0a-1edc-44de-a8ee-3dfa95cbe986,Amazon India,466.62,2022-07-12T13:19:34.000000
9d4f3e05-dd37-4373-8f6d-2dafe10a47a7,8193f07b-ad50-4756-8756-e3ac592ec4c4,Amazon India,4279.98,2025-09-08T10:36:18.000000
2d98b706-bfbf-4ba5-8354-06f16c0d972d,53daa991-886f-4f39-847a-2ece359a5ab3,Myntra,4811.34,2025-01-02T22:16:28.000000
cf57b1d1-171a-41b6-942c-8c30795f4c80,009c768a-4d60-47f5-9d39-9e1aceb14b5a,Amazon India,993.37,2023-06-03T22:53:29.000000
cb9803c8-93e6-404f-a70d-d91ee8fe73e6,1c30a720-451c-458e-bee4-489d7051cf73,Croma,2249.09,2025-12-19T13:01:09.000000
1009dee5-1f4d-4770-830f-b256ba525b2d,813ae357-26e2-4e97-be05-5780f97b830b,Amazon India,866.88,2022-08-30T15:50:10.000000
7456fc92-9ae2-47df-846b-4a7b3840be84,64e13bf5-5820-4d3b-893d-434bfca80448,Flipkart,2218.95,2023-09-17T23:11:28.000000
5a2a59c5-d8b3-41ad-9595-2498d2e88aa3,8d550cce-b51d-4031-afbd-d2fb4583d117,Meesho,264.14,2026-05-19T17:08:25.000000
e0e14a51-6d00-410b-a569-d8c554408c4b,009c768a-4d60-47f5-9d39-9e1aceb14b5a,Bookswagon,966.08,2023-02-16T04:48:22.000000
98a7c23d-4876-4836-8ea9-9bc41fc83926,c5778789-2512-4d5c-9ae6-07dc86466c46,Croma,923.15,2024-02-26T00:58:46.000000
b175774f-88f6-441d-b663-72561a0b943d,2839a9df-511c-41e5-87cb-459448e7c318,Amazon India,871.86,2024-05-22T19:24:48.000000
61d521c5-78db-44cd-abb3-284ba5ea21c9,3db4228a-0c41-450b-90be-7957312ae6bf,Bookswagon,499.29,2022-03-23T03:06:51.000000
66ebc5c6-d437-45d1-a7de-7375f97ef392,1fa92a73-ee85-460f-99ab-6de0b6c17fcd,Nykaa,571.5,2022-03-05T02:09:51.000000
97818e5d-3514-4ef3-9d90-98dd288dec4b,9e3d628e-8cb7-4b84-b230-63b5fad0d309,Meesho,1381.96,2025-04-21T17:32:39.000000
08bfe59f-a619-4b2f-abdf-4645b7511006,0c2c12c9-4433-4a88-9241-e78eae060a16,Flipkart,907.0,2022-10-17T11:56:41.000000
2614b11e-1349-421b-b7a3-cad14402b813,ce95e9fe-353b-4017-948a-2234e7504113,Croma,2588.27,2024-07-05T09:17:50.000000
9ebad55a-b253-4068-846c-acd3fea168ac,702d88d2-449c-4ed9-ab9d-25d61ce2fff8,Croma,7969.41,2022-03-05T00:17:09.000000
3b14a573-d557-4244-8c5c-f3fb7f706c56,663654e6-d5c3-4e54-8c51-0a1898edd362,Flipkart,2448.8,2025-06-04T08:35:06.000000
93746ca2-a1d3-4b5c-b0b9-e81b9cf686dc,eec6c7ff-9795-48c1-94b3-f0a3224a1968,Reliance Digital,8647.97,2026-08-11T12:45:59.000000
fc718e44-8e4f-43ef-9fe5-a27b26a0e91b,afa4434e-d6c3-48ad-aa7c-29b3973a5ed4,Purplle,584.21,2026-02-23T05:06:05.000000
f4da94ad-7417-4645-86ec-4a5a74c1fc7a,1e8b9979-cb23-49ab-87f8-30e6a8a64cf1,Flipkart,7028.57,2025-01-16T05:49:15.000000
f980adef-aab9-4702-a343-8ee84d353be1,36bbe2bc-b79f-4fbd-9906-4b45245e0183,Meesho,2231.33,2024-03-16T03:14:40.000000
6b57882a-3830-4deb-a351-eb8c3d68a13b,f7190ead-2cee-4678-8787-3a49b3a8cce4,Amazon India,1493.33,2022-11-18T07:08:02.000000
26d0fb90-af6a-4c14-9e3a-bde41fb2d6d8,288c8665-6990-428c-abe4-e725779d35c9,Croma,19853.77,2022-06-15T22:07:54.000000
e8c7fc9b-3734-4e0e-b427-8a1e539bc0c6,7ce81158-5cca-4cc9-a9d4-9b4608987b74,Flipkart,492.91,2021-11-28T01:03:11.000000
7d236841-42c8-4937-a7d3-87a6b850f9b2,64e13bf5-5820-4d3b-893d-434bfca80448,Reliance Digital,2504.33,2022-04-27T12:07:58.000000
d3a697a1-4784-4f1d-9320-5f0207a1dda8,16dc8cda-f2c9-420c-940d-0554da281275,Flipkart,2104.13,2022-03-07T07:49:00.000000
10d0e0b2-dabd-432a-bfc8-42a93a555b3a,153aa701-869f-48a6-be63-84e5f05d105e,Flipkart,819.22,2024-06-07T16:20:45.000000
c68f3d18-3768-42cf-947e-cf57850f9eb2,93104698-cbf4-45da-b103-48ef94c5d3dc,Tata CLiQ,371.43,2026-01-31T14:33:18.000000
4a4c9b22-2e93-45da-90b1-ba30fa37bbe0,eacc5804-f7b2-451c-8dd5-0a1d91a3d8c4,Amazon India,613.69,2023-06-24T09:03:31.000000
a365d7ed-4762-497f-be98-1e83bf651cff,21e21426-9444-4ae5-adc7-a91138fcdcf7,Ajio,4137.85,2024-09-24T11:42:44.000000
3e2afd97-4201-4ae7-b241-8759c14dc311,b0da0d89-bef2-40d7-8b33-98394317dcaf,Bookswagon,478.08,2024-01-08T01:20:03.000000
0265961e-2b23-47b2-9e1f-95b83582fe73,5bf77475-fb98-44a8-aa59-51b0240c9bdf,Tata CLiQ,1995.55,2024-01-26T09:43:34.000000
4b1e57a0-8c47-40b4-a7bc-d195d7e5abd1,664fe812-aa0e-4874-9870-b84e29797e7a,Meesho,18648.75,2023-08-19T13:43:10.000000
70aa97ad-a951-4773-bca5-ba066839dae4,d857c8df-976f-45c3-9daf-4f5c7942eda9,Flipkart,2510.81,2026-01-07T05:17:34.000000
ec9d993f-7cbb-4f2d-959a-36b10fb52120,143f2090-d601-4e5c-b53e-d2197c595e6b,Amazon India,2425.78,2022-11-24T00:17:12.000000
b5ceece8-a4fe-4c70-aee3-fbfc2a1ab79a,8db7918a-516c-404a-b5b0-6817a4c2a1f7,SapnaOnline,267.95,2026-05-04T07:59:48.000000
a3a3f71c-abfb-49c5-bb03-0651070d8e78,71b098f3-af00-4b5f-a71c-2fd61c801948,Flipkart,2791.67,2025-12-27T23:02:48.000000
69cfd38a-97a9-4b8a-aa7e-3707e0335522,9fd2480f-cdce-4333-b7c1-5438ada3ebe1,Bookswagon,702.46,2025-09-20T18:23:58.000000
3441cc38-f282-4495-a1ad-80b4c5117762,50c2567e-4006-484a-a113-30676c47e9c8,Amazon India,1333.87,2023-04-27T17:07:21.000000
51d6cc42-e0fe-42d7-a6c8-e40deb94112a,8193f07b-ad50-4756-8756-e3ac592ec4c4,Croma,4047.16,2025-05-22T12:08:30.000000
77fdb13b-30e8-48c4-aebe-cf8cf341d628,451f4282-2beb-423c-874f-d989b4941ecc,Flipkart,2147.04,2024-09-21T11:29:10.000000
4e215e22-a0a1-444b-a89d-91e0a8311944,c4df47a4-ee1d-4940-bfab-e9cca04a902b,Amazon India,453.38,2026-08-13T13:15:14.000000
738aa9eb-c9c2-4c55-b8d1-b6d48e4583a9,143f2090-d601-4e5c-b53e-d2197c595e6b,Meesho,2084.79,2024-04-30T02:17:20.000000
54f426f7-3c46-4296-9508-96246726dc25,ef447761-b274-4808-b18e-cdc8396e706a,Tata CLiQ,6780.32,2023-10-06T17:56:06.000000
17428aac-2501-4b4e-98b2-bdf293f4ca71,420b9f94-6098-4302-afa6-2ec9093f8267,Flipkart,2484.92,2026-04-26T05:49:46.000000
20790084-fe82-4d72-b021-1b679696a551,5f03889a-7d5c-4f17-ae3d-4dd8b2cbf885,Nykaa,387.98,2022-03-11T03:47:03.000000
744d8820-17d6-4d7a-b5aa-4bdf64b4b869,8a0d3b57-999b-41fe-9e5d-fabdac6f7813,Flipkart,2118.72,2022-11-06T13:40:48.000000
08a40a80-df54-4e1f-a004-dfcea9a2ae09,745fdb21-1c47-4994-90d0-677e133060a7,SapnaOnline,762.68,2022-05-29T06:05:29.000000
51b2b67a-9863-4a3a-973b-5f8c88e8e855,a1d47f25-10e9-425d-965b-cff1f0a47e85,Reliance Digital,1708.32,2025-11-10T23:32:01.000000
854aca18-eec4-4c56-ae80-02e0c90ed715,64e13bf5-5820-4d3b-893d-434bfca80448,Croma,2610.02,2024-05-14T07:21:11.000000
029815cc-3c58-4e97-8489-97753a687c40,9d0f81b6-1eb7-45af-b116-d964c38b301d,Flipkart,1884.36,2024-07-02T13:58:29.000000
8a9372c5-52c0-4d1d-8ed0-5b878983e62d,eacc5804-f7b2-451c-8dd5-0a1d91a3d8c4,Meesho,588.05,2022-04-01T10:34:01.000000
5c5ca467-54f8-4079-a239-e6245a930504,e7a814e7-4a9b-427d-944a-f6d41373b957,Meesho,3788.49,2024-02-26T02:17:47.000000
52725a7d-22fe-4789-b17e-ca26cb7f9970,2597b5a3-f2f2-458c-9a78-8be6620767a2,SapnaOnline,1417.96,2025-10-19T23:08:42.000000
944b66d4-bbd3-4466-b6fc-0e64bf4b7df2,f09a5064-6734-4fc9-afb2-7017aa97b41b,Tata CLiQ,547.52,2023-05-22T14:07:52.000000
4ad872b3-ac14-4fd1-8879-aeeac69da9cf,86914300-7c5b-41e2-a773-f681a3a27bb7,Croma,17224.53,2024-02-22T06:22:35.000000
1d4b2132-ca2e-4806-98d5-2f7db7c8ffb4,5b8c4731-b9f9-4565-85fe-c7d5692bb531,Reliance Digital,5081.59,2026-07-15T18:29:38.000000
24303aa2-fc39-4e46-8dcb-dfad77cc0b59,ae86c02f-9cd3-48b9-b148-6b0c503b8ca8,Reliance Digital,3611.64,2022-12-02T11:19:10.000000
6259c8e4-80bc-4827-9da3-f77f0ee7c518,a4c72e0a-1edc-44de-a8ee-3dfa95cbe986,Flipkart,501.36,2024-08-21T16:08:25.000000
a8fe8c16-6e4b-4b0a-8b13-2e3a7baed1ca,4fb56175-22a0-46fb-ab53-69c95841afe6,Tata CLiQ,374.57,2024-08-24T06:54:07.000000
7c14970d-cf73-4ed5-898c-af1c27a2fdd3,50f5ebcc-c423-4765-bf09-417b77c3dc50,Flipkart,1005.12,2022-12-27T14:12:23.000000
33ecf38d-b69a-4607-8a5a-28581373e4ca,3868f824-bfd8-43dc-9d6d-1b95e3811aa7,Croma,4749.57,2025-10-14T11:00:18.000000
cb7af380-994d-4b2c-aad9-a19afafd5dc6,c87729bb-0b29-4f78-a7a4-dc5ee1b2c70e,Flipkart,3332.37,2023-09-09T08:16:57.000000
a0e63965-dbc6-426c-b2a7-8baae83c27bf,451f4282-2beb-423c-874f-d989b4941ecc,Croma,2132.6,2023-09-25T16:16:05.000000
993f5384-5e5a-4de9-ac97-69bf29df1e64,9f306c3e-12a4-4590-9737-489d129bd6af,Flipkart,523.63,2022-10-28T14:26:02.000000
ab3c75c4-0054-4c31-adfd-d7746c4d308e,86914300-7c5b-41e2-a773-f681a3a27bb7,Reliance Digital,19905.82,2024-03-01T08:23:36.000000
58f76d81-c30c-4eae-a647-653cde97f869,c4cac175-2e4f-4288-b595-60fbf40c8564,Flipkart,3255.08,2024-07-02T02:02:27.000000
f4e7d412-9c6b-46a5-8316-efee4d3d3228,68632aee-dd49-4a76-acf5-4c533eb7f9ac,Meesho,2874.37,2024-01-21T15:05:36.000000
41bb879e-5ddc-483c-bfca-3462677acf79,f7190ead-2cee-4678-8787-3a49b3a8cce4,Tata CLiQ,1445.68,2023-04-28T12:03:55.000000
ff98727b-1dba-4d9e-8a25-370d6e6482e6,3f85b8c0-67d5-41f5-8025-1da9083fabf8,SapnaOnline,471.33,2024-06-26T14:56:44.000000
0a600744-70ff-4776-b908-c07a8cab3be5,b915780b-dca1-4fe0-9d41-bb1eed101603,SapnaOnline,828.79,2026-03-28T14:42:56.000000
83a62907-3d08-4788-a9b6-4e7ec3563e0d,acfbec42-da58-45ed-bff4-a08a169ad6fa,Croma,2361.77,2024-05-22T21:38:32.000000
00f74669-683f-4227-855f-b2cd576b91b9,fbd78605-855c-400f-a106-2b08b71fd5e6,Amazon India,990.02,2024-03-12T07:18:10.000000
f23e3470-73d6-4c67-b4cb-28dcecb13b3e,b3d56793-0260-4fcd-b034-7569d40d9662,Flipkart,4645.05,2022-02-09T10:09:02.000000
701b99f0-8a8a-40ce-8059-0eb8e8c2060a,143f2090-d601-4e5c-b53e-d2197c595e6b,Reliance Digital,2428.34,2025-06-08T16:26:01.000000
2282e481-8db2-46ee-a8c7-47e6aad4378b,d857c8df-976f-45c3-9daf-4f5c7942eda9,Croma,2144.55,2023-04-21T20:53:52.000000
09a20a54-c4f6-4e92-8b61-36cd1b8bd1a7,d40baefd-76f4-49d8-8667-02e251c37a79,Ajio,6106.73,2025-09-25T13:36:51.000000
f48f5c07-15b6-4ed0-a23f-f039c50e8d1f,d032273b-494c-4f06-97f4-d6d611479a19,Flipkart,6723.55,2024-08-16T13:46:01.000000
8ea71cce-4e69-4081-97bc-54d303781dec,a1d47f25-10e9-425d-965b-cff1f0a47e85,Amazon India,1951.59,2023-12-23T07:45:41.000000
8375207e-a2e5-4692-8387-06c963cabea5,288c8665-6990-428c-abe4-e725779d35c9,Flipkart,19090.95,2024-04-06T22:42:31.000000
25a0d0df-015a-431e-a5f4-f60fe692a283,7c183243-5272-4587-9156-17408f660442,Amazon India,22374.29,2023-05-19T00:25:55.000000
63237959-8a5a-4fb5-a612-684c454f72eb,45250c52-374a-44ba-94bf-e7f06fa17e83,Flipkart,559.45,2023-07-05T03:09:03.000000
00bdd268-cc15-464f-bf55-83f7ee3bd7fa,f819de33-fdff-41b2-a089-7dfac49fb08b,Tata CLiQ,5524.1,2025-05-09T21:32:07.000000
4f4d405e-6752-429d-8435-7ebf61e3fd84,fcf79acf-c860-4d95-8e91-92135d77a206,Croma,2902.92,2025-04-28T06:16:56.000000
bf0a1e49-aa78-423e-813e-e92098a0ef24,9787f620-17a4-46f6-8636-627386c41400,Flipkart,2315.09,2023-11-18T05:16:40.000000
65bd73ee-8f0e-4fcd-ad03-d7111cd02fd9,65bcbec2-d2c5-41df-8bdc-557d5b499702,Amazon India,2048.84,2026-04-22T00:56:02.000000
49e929ec-ea68-4451-a376-a51d2aa2fa3c,33dfbf71-5b00-4493-91b7-f0bc444c23af,Meesho,3305.5,2025-02-27T04:34:57.000000
39946430-5476-4bb1-8292-56d2f3acaa4a,90a9f79b-f0a0-4aee-8c08-e0a51d3f182a,Tata CLiQ,919.0,2024-07-24T22:29:23.000000
e9e4384c-2d3d-46c9-9292-115f5c37118d,34608b38-f08f-47c8-86ef-70c3b21847bf,Tata CLiQ,76330.89,2026-02-19T07:56:12.000000
d4197d9b-b8de-4729-b6d4-4f6f53741e72,73cfea33-1c89-46fb-ba4c-3847c81ccfec,Flipkart,24648.21,2024-12-10T04:48:06.000000
efc17e28-89f7-4af5-8f5c-fcd8d7677bea,cefec4f3-b21b-48db-a7ac-1116319e0123,Amazon India,669.49,2023-02-15T05:01:47.000000
37d76d80-3421-48d8-99e9-be74189d20e3,fd4b61ad-34a5-4df8-aeb2-885c74b98c68,Myntra,4934.47,2025-07-22T03:10:47.000000
60ed72bd-ef08-4589-b0f3-19904ad2631e,03cf4841-9a16-4d21-9806-79dbcf08120d,Tata CLiQ,43500.83,2026-08-26T08:55:33.000000
6d1c3d28-8d7a-45bc-b9b5-0e1947551106,2839a9df-511c-41e5-87cb-459448e7c318,Croma,753.97,2023-06-29T13:23:49.000000
abc02825-5585-40d1-bafa-87dd42ade201,7b5ee361-759b-4a1c-8cbe-97b89b90a54f,Flipkart,37808.34,2024-04-19T08:40:45.000000
1ae4a307-2a52-43a5-ad79-94bcc1b329dd,eacc5804-f7b2-451c-8dd5-0a1d91a3d8c4,Bookswagon,615.36,2021-12-21T21:12:20.000000
2e84bcfa-71d1-4659-897a-2af88ceb2053,8a0d3b57-999b-41fe-9e5d-fabdac6f7813,Ajio,1929.49,2022-07-22T03:08:35.000000
7eff3a37-7d03-41ff-b1d3-8bbfe0f5ccc6,4d655a53-f024-4b40-8649-104f76d856ef,Myntra,3857.15,2026-08-22T07:57:10.000000
65b3dce6-7046-454d-b5b1-bc4134ee8511,d834722f-5722-4955-a97f-1171c3722322,Flipkart,1277.53,2023-07-17T02:39:51.000000
51bbd554-90bc-42bc-97e2-b7cb637629c1,41c837ee-dfdb-4f7c-8658-c35524333e7b,Meesho,4950.17,2025-01-13T19:24:44.000000
0943a8a3-1049-4809-9d37-689dd76f9b5c,bf510978-425c-4e2f-b4ee-1a1e61011389,Croma,24796.48,2022-08-27T09:34:01.000000
cc1082c3-e91a-4af6-9b1b-35ab336557d5,74b78229-10b6-451d-894d-b53b53a3ec65,Amazon India,4789.67,2022-02-12T13:36:23.000000
b96e5cad-8db1-4052-81a5-89623eeb4f35,f73def59-7ec1-44b8-bc45-9de4755e7792,Tata CLiQ,1524.12,2024-02-25T08:20:44.000000
033b56b9-87f3-4e20-97bd-7b0a0394745a,afa7b6f8-8304-40a7-829f-2c63d36bf971,Nykaa,464.78,2022-10-07T03:37:02.000000
8a37a278-3602-4948-8b67-75137a7804d2,afa4434e-d6c3-48ad-aa7c-29b3973a5ed4,Tata CLiQ,628.15,2024-10-26T11:25:23.000000
26df65dc-f395-4d53-adb8-83f12418cfb0,481e54b7-6d4f-4f98-8884-52eeb5094235,Reliance Digital,2950.6,2021-12-18T17:36:52.000000
5e585f32-f1dc-4059-830b-4b23a01e956e,815341bb-ad12-4286-b1f3-96a61032adde,Nykaa,526.93,2025-01-27T19:32:04.000000
a2ae805b-1d92-4495-86ce-e662c0098475,2839a9df-511c-41e5-87cb-459448e7c318,Flipkart,810.67,2025-05-31T20:31:17.000000
c6020bd3-1c90-409d-835d-8a382bdf0b91,09af1a2c-c18c-46ba-aee6-6fa64f91da88,Myntra,1546.28,2022-04-05T04:20:04.000000
983c1ef0-0a51-42c0-bcae-1d0ce2d2f2a7,acfbec42-da58-45ed-bff4-a08a169ad6fa,Meesho,2573.91,2024-06-07T11:12:53.000000
941512bf-bb26-498e-aa74-fc8885b2275f,4d16bc07-58c8-4b9b-b94a-6e4cfbee5960,Amazon India,1856.31,2026-06-28T20:08:42.000000
3e8a002d-c10f-4f6c-b005-e08ec03bba31,d40ef758-8bd5-45f7-91ca-4e54bb3c02ad,Amazon India,2240.99,2024-01-28T20:01:15.000000
74ba0906-07ff-40a7-ae69-0bad684ac3c3,bc942593-3c21-4565-b934-42a55afc8482,Nykaa,525.21,2023-08-18T10:58:54.000000
6c5346e7-e348-4ecf-9bde-317212b24d5a,3db4228a-0c41-450b-90be-7957312ae6bf,Flipkart,523.74,2024-09-04T17:57:27.000000
e0458051-af45-4f79-9744-9a8319b256cf,745fdb21-1c47-4994-90d0-677e133060a7,Meesho,835.18,2024-11-09T14:13:44.000000
bae4e9db-c11d-424f-b0d4-fab3e22d4e91,c87729bb-0b29-4f78-a7a4-dc5ee1b2c70e,Tata CLiQ,3076.84,2022-09-20T15:27:06.000000
fc9a7634-569e-496e-970b-3fad8c69574c,1ac45684-b9ac-4390-8ce2-3bb6f6ba4241,Croma,1974.3,2024-04-08T02:37:28.000000
ff589124-e4fd-47ed-b3f1-48178f399065,85ec85da-c65e-40b9-a297-d3f8a62f2280,Tata CLiQ,337.16,2024-09-16T19:58:49.000000
25adec0a-5609-4870-8286-f110fbd3a503,d2e5772e-a94a-407e-b287-2609aff815b9,Croma,4681.08,2023-11-30T19:37:11.000000
1f79c800-6d3b-4567-af2b-7f74e4c2e43e,3027d2a8-4084-4a13-b912-a1e3c36d2415,Myntra,1884.29,2025-02-02T10:48:48.000000
4b71216d-a239-4dd5-98e2-c91f06e3f1d8,8161ba46-065c-4f4c-997c-ab86f0e2f29e,Flipkart,2300.76,2023-03-30T13:14:09.000000
00806814-b733-48c2-b9b7-4f6816f5e51f,7c31c7ba-3814-4fb8-927b-8d0b3d69da7d,Flipkart,4097.71,2025-11-16T22:24:20.000000
61992ff3-c0e2-4890-96a3-c5b6b5081e04,fad4b622-b1c4-43e0-b37f-df306fe138f4,Tata CLiQ,57125.6,2024-02-13T09:40:07.000000
56b58cd4-c1cf-474f-a5cd-f6f2b4ce8d8e,bc6dac5e-27b0-4cb6-9e5c-2114a74ce574,Flipkart,8500.2,2025-10-18T03:50:18.000000
077252b8-583f-4602-9839-92089d16cc87,3527f08e-a57e-4d91-be68-b8ce16bf754c,Tata CLiQ,77990.39,2022-03-05T11:08:31.000000
643e2839-7ad2-4bd7-8c91-b0c193df6003,4d655a53-f024-4b40-8649-104f76d856ef,Amazon India,3937.42,2023-01-17T14:43:41.000000
419b3524-3602-4eed-b16b-f0d7b2e6bf24,58b3a365-5448-4866-8518-229ca065c645,Reliance Digital,1880.64,2023-09-27T21:25:18.000000
8655ad42-840d-4481-844d-ebcfbddcb96b,5f03889a-7d5c-4f17-ae3d-4dd8b2cbf885,Purplle,410.36,2023-08-24T07:01:53.000000
e1b1cfa6-4619-463e-b497-f82f489be652,21e21426-9444-4ae5-adc7-a91138fcdcf7,Meesho,4194.86,2022-08-18T23:23:43.000000
3f3b9d73-2ac5-4ccf-9b8b-e9840ffdf450,2839a9df-511c-41e5-87cb-459448e7c318,Tata CLiQ,785.46,2026-07-26T04:48:16.000000
ee687f02-303d-4af3-af11-a76c38d41196,0cabb4c1-6a1f-4843-a652-309c92c04122,Myntra,2373.49,2021-10-02T01:23:01.000000
18e39c02-26f9-42e5-b03a-6eae5d343f15,1179bbd5-6733-43fb-8828-c236947707b7,Amazon India,531.2,2022-05-01T11:16:37.000000
94889732-4773-43fe-b8cd-dd4383904ef1,acfbec42-da58-45ed-bff4-a08a169ad6fa,Flipkart,2482.31,2023-12-23T21:06:44.000000
7bdb6c0b-c9de-49d2-b589-21291958e6c6,a7abd203-f53d-4fef-a1c4-509f69a45a54,Reliance Digital,8683.17,2022-02-28T10:38:10.000000
f5a28349-72e5-4f5f-b955-3a0812cdfa67,3027d2a8-4084-4a13-b912-a1e3c36d2415,Tata CLiQ,1762.99,2026-05-23T22:19:59.000000
463f06b3-1bb7-4cd6-9af9-27c7fcf61d29,f377cee9-332b-42f4-89df-a9cae939b2d8,Reliance Digital,2039.95,2025-02-16T18:36:12.000000
3f1cd036-6da9-423e-b040-2256bc8d60d6,6a6f7b18-8a5a-48f0-8e1d-31a64e9361d4,Amazon India,4538.96,2025-06-11T02:50:31.000000
0a432217-060a-4b47-ae46-9332a3f4c61a,6ab8bf38-5787-40c6-bdfe-75fd88e7ba1c,Ajio,1033.86,2024-04-16T05:58:53.000000
01a65b56-09a4-4b80-a52d-989a14de31ed,ba7fbb52-cb29-478d-84fa-192f5304858a,Myntra,3184.17,2022-01-26T16:44:34.000000
b2e10418-8c8a-4cec-9f2e-7a8378ead31c,90a9f79b-f0a0-4aee-8c08-e0a51d3f182a,Amazon India,936.71,2025-06-29T06:35:23.000000
bdea232c-0773-4344-9b13-6a117855269c,8049d828-e9dd-49d0-8548-f988d0b04acf,SapnaOnline,480.42,2024-10-01T09:57:57.000000
2fc73ecd-5ce1-4d5a-9c20-431fa7111ac2,8049d828-e9dd-49d0-8548-f988d0b04acf,Meesho,526.17,2023-12-28T11:17:55.000000
aee1f634-208a-496b-af06-a13cf88b22a0,36bbe2bc-b79f-4fbd-9906-4b45245e0183,Myntra,2002.15,2023-03-25T01:01:42.000000
3786dedf-4fd3-43d2-be8b-6b845ff16044,db4d38d8-da76-45df-a223-5dd2258e431a,Tata CLiQ,3441.82,2022-08-25T14:53:35.000000
93b4332a-2d3e-4412-8f3a-c866340e0f69,452ae8cd-66e3-458d-8add-b2a2a85fd251,SapnaOnline,1754.7,2026-01-27T09:06:47.000000
3959e38d-59db-42cd-9fc1-65e4e92cc3c0,c0dabf41-c755-4d7a-9259-2a7dba5ecd45,Meesho,857.4,2025-03-01T02:49:48.000000
fe37c63d-e38d-4f2c-b814-6f5847cfb878,40087156-1b95-40e1-b4d0-5b27a5a4a55c,Tata CLiQ,2167.25,2024-06-16T11:01:17.000000
82a493aa-da43-4983-b0ce-9b0d8024145c,9d0f81b6-1eb7-45af-b116-d964c38b301d,Amazon India,1894.58,2024-12-27T08:39:40.000000
01555611-d810-41bf-80c4-5f107a4609b0,e2d70a84-6fda-4890-a988-3c37f974870e,Croma,7386.37,2022-03-30T15:39:30.000000
f46bf7a2-54fd-4bac-8a7a-1d255c6c22e3,16474579-362e-4d95-a2de-577a8b6e0674,Purplle,496.65,2025-06-26T15:11:40.000000
3794bfe9-4f51-4c7c-9326-85be5728a3c4,1ac45684-b9ac-4390-8ce2-3bb6f6ba4241,Tata CLiQ,1730.08,2022-02-14T17:38:07.000000
233794ed-167b-4b75-95a9-45fef553146b,150768b7-82b4-4961-8929-d2ff2adc8035,Tata CLiQ,2186.59,2022-11-11T07:50:11.000000
37c728c7-0a72-4b6f-921c-5af592f0b5a1,ad1f41c0-f53c-435d-b404-a2fe4e233ed0,Amazon India,2729.63,2022-02-13T02:58:04.000000
8d75f85e-a714-40aa-a3ab-85dd806ab961,df82f312-f369-426b-8771-077d5d812c42,Amazon India,17443.66,2024-07-15T17:17:45.000000
72c1b55b-16e9-4f4a-8533-58e349cc751d,b5fabbc8-411a-4092-bc53-de893c8a59b6,Ajio,4322.11,2024-10-22T17:25:15.000000
bef86321-62d6-4d15-888c-7ae55bdce2f3,c4df47a4-ee1d-4940-bfab-e9cca04a902b,Bookswagon,516.06,2024-06-24T14:45:15.000000
8b012908-29d9-43df-b3f4-fa8ddf710cd9,c9bfdc2b-ac03-4730-8137-42035b88aaea,Flipkart,7061.67,2021-12-23T21:17:53.000000
9f026502-9476-4095-94c8-00178684967b,1e4fb7ac-a762-4850-9cde-504daea0fbed,Croma,3957.76,2024-03-11T19:02:37.000000
43f4c6fb-b5d4-4552-ab10-fe136a22c81d,ee198820-2c68-43c6-b1f1-8ed3970544ae,Meesho,2273.3,2023-11-18T23:29:50.000000
aea81243-e6f3-4af8-8227-97dbbf602747,888fbbb9-0785-4328-924b-acc7a976b381,Amazon India,17383.89,2023-09-16T22:56:29.000000
2e76a40f-3d52-48aa-9516-4bcbc8bd1ab5,c60db95a-c956-4bdc-9493-ef13dd75bf02,Amazon India,4875.96,2022-09-03T20:16:54.000000
e2aadd6c-78cf-4203-b3a2-6edae0676425,85ec85da-c65e-40b9-a297-d3f8a62f2280,Flipkart,364.1,2021-10-29T11:59:42.000000
47ae3151-0dbe-441e-a6a1-059c882a3021,1969fa03-7785-4618-b0d3-3bd4c05f55f9,Amazon India,1852.71,2024-07-19T12:02:43.000000
1b31a940-b8a3-4df0-9d63-18b2a3d81292,d1854dc1-18c9-4830-bb40-67d4f703bed6,Amazon India,495.41,2026-06-06T16:03:06.000000
95708ff3-d814-4b66-b582-3976971fdfe8,1f11267e-a25a-4d12-a3d9-33aaa886755d,Amazon India,2187.31,2025-04-11T20:00:00.000000
988c4238-7834-4e8a-a280-652508fdd90f,64c9a09f-4a68-4fe1-b4b7-5693717ef0c9,Amazon India,556.85,2025-11-01T09:14:47.000000
d562c186-b346-4c73-bedc-2cfc555be283,1b0ab462-77ba-4aaf-b12a-487f74eb0691,Amazon India,2076.51,2021-10-15T07:28:55.000000
3271c882-b103-40af-9768-a36aca621aa0,1e4fb7ac-a762-4850-9cde-504daea0fbed,Reliance Digital,4451.65,2024-10-09T08:52:18.000000
a53d6454-0bc1-4b02-a2a0-59ea274dca72,494ca8cd-124b-46b3-9094-c9bb3f2acfee,Bookswagon,811.42,2022-08-09T11:20:09.000000
f0abb710-1c8a-463d-a9dc-038581eed802,2e648ebb-28c7-4e60-ac3b-2fdad5fd63b1,Purplle,589.54,2024-10-05T21:53:17.000000
1035924a-ece4-4449-90c2-63395d963d02,5bf77475-fb98-44a8-aa59-51b0240c9bdf,Ajio,1991.55,2024-01-15T00:28:43.000000
79e2a0b9-946f-4cbd-b532-39f19aa2efdd,c6da35aa-c78c-4537-acad-206c8644931c,Flipkart,2244.89,2025-05-28T22:44:45.000000
5476c9f6-d09b-4336-914b-e36a44140583,4d655a53-f024-4b40-8649-104f76d856ef,Meesho,4320.59,2024-11-05T15:31:52.000000
de6190ab-dd77-402a-9dce-764f007ecbd9,6ab8bf38-5787-40c6-bdfe-75fd88e7ba1c,Flipkart,1070.89,2021-10-07T07:24:45.000000
5c63244c-1fe4-4dba-82f5-341168ae7a72,0facd474-b988-405c-8ef5-dafe0506268d,Flipkart,1633.02,2024-04-23T02:39:45.000000
60422449-f552-4a1d-8336-8d607403237d,6dbb2601-7013-496a-b43b-15cd5e25f08b,Meesho,787.91,2022-02-21T00:43:56.000000
9b1c5367-6bbd-41d5-a113-5d41d86a20fb,663654e6-d5c3-4e54-8c51-0a1898edd362,Tata CLiQ,2479.55,2022-05-31T04:39:50.000000
a74d0ff6-e325-429c-a4d1-a598a68fd2b0,0c2c12c9-4433-4a88-9241-e78eae060a16,Croma,836.73,2024-06-25T15:01:50.000000
6d3b4237-43b9-49c0-a43b-1da0e1727695,f8c22b17-bc73-4a35-abf7-7cf1728b801c,Amazon India,1553.96,2025-01-05T07:03:53.000000
7b2419fc-fe24-488f-ad76-fd155bd429c3,50c2567e-4006-484a-a113-30676c47e9c8,Bookswagon,1393.96,2024-12-02T05:19:52.000000
26692e2a-5af3-4703-bd3f-a1b8237a6211,df82f312-f369-426b-8771-077d5d812c42,Croma,17249.77,2022-11-13T08:30:57.000000
7a2b1ff4-0828-44b6-a9e1-9aa82b62881f,c6be4f50-063c-47f6-8b1f-97de9d7311db,Meesho,2203.08,2022-04-24T03:07:23.000000
b467518a-9600-4ddb-bfdb-932c9c892000,549117c0-70d2-486c-bb17-93cf125a8912,Flipkart,907.32,2023-05-10T02:44:30.000000
de1c5444-c63f-4ad1-90c9-df5ca30bb2e6,6da3e7dd-3c41-4f6d-b530-1a53b2001dd5,Flipkart,821.23,2026-05-07T12:31:38.000000
07c2ab1f-102f-4f07-a826-f4a03506bb39,3541eacb-d2cb-4991-9b45-1acbef4e4479,Meesho,1383.47,2025-02-28T16:18:59.000000
5bf22de8-e2b4-4be5-9a82-0651fbfb5faa,6739bb22-0aa1-40f5-a744-022d1ef1e60e,Reliance Digital,2075.35,2021-10-31T15:58:29.000000
5852a1c1-fb70-4397-b77b-3bc8f5ce0c69,d032273b-494c-4f06-97f4-d6d611479a19,Tata CLiQ,6950.5,2025-12-12T16:28:03.000000
16e821ca-3be3-49f6-9a9c-0dd7d178c1e9,64e13bf5-5820-4d3b-893d-434bfca80448,Meesho,2496.73,2022-07-28T03:08:37.000000
2d3cecf0-6cc7-40a0-9d66-4c131e8997d7,a1d47f25-10e9-425d-965b-cff1f0a47e85,Flipkart,1765.27,2021-10-21T16:36:37.000000
f4af1b73-fa57-4c3f-942b-a633164e9fe5,9e3d628e-8cb7-4b84-b230-63b5fad0d309,Ajio,1272.91,2025-03-04T06:22:30.000000
4db8b640-7040-4051-af73-4483fd1b365f,440abbcf-2a0d-483c-983f-bb87f59da32a,Reliance Digital,2450.85,2023-02-09T07:16:07.000000
37227431-13d4-48b9-9feb-93462c7ae7db,fad4b622-b1c4-43e0-b37f-df306fe138f4,Amazon India,64739.74,2022-08-24T20:46:48.000000
0db64aa8-9ff3-4831-be16-5ec9b4ce8a89,fe643978-5f95-42ce-a5d2-c1e315a596f2,Tata CLiQ,54304.47,2024-08-23T08:11:59.000000
6f7a1169-bcb2-43d1-8d48-7b5fbcb90038,cd972929-fe99-4834-86c9-d93640b31d32,Amazon India,1779.74,2026-01-12T17:37:44.000000
1660c478-9442-43a4-a006-d261f9a63416,664fe812-aa0e-4874-9870-b84e29797e7a,Croma,21093.01,2026-07-02T21:44:14.000000
cc7f3def-b394-4cf3-ba5a-de9a5cffa40b,b3d56793-0260-4fcd-b034-7569d40d9662,Croma,4469.61,2022-09-10T16:53:11.000000
dadd75e5-440f-4d02-89b6-746f486922f9,60ed2cfa-395f-4afa-9e43-b2f1e0965abd,Purplle,610.08,2024-02-21T22:51:59.000000
b8df5e4e-5834-421c-9a13-7d4e328be148,a0a96d63-2e45-4313-a43c-d9a7c2b647a5,Purplle,524.72,2022-11-07T20:46:35.000000
94527c0e-1f06-45a8-afd8-067a802e9349,50bac632-f1ec-4e8f-8232-54d18724d835,Flipkart,1170.78,2024-03-20T03:28:10.000000
395cc3a8-e62a-42c0-af99-1a919b52e67f,fcf79acf-c860-4d95-8e91-92135d77a206,Amazon India,2768.75,2023-12-14T05:02:13.000000
b1c3612c-a80b-459f-b32e-76995059a8bb,8193f07b-ad50-4756-8756-e3ac592ec4c4,Flipkart,4540.3,2026-06-23T01:01:14.000000
773b041b-0f59-434d-b316-2449b4516a28,d4b56b16-f7b1-48ec-a302-ef296defa4bf,Tata CLiQ,2214.01,2023-01-16T09:30:52.000000
b81169c1-11de-40c5-8281-7bfc0145eb0e,bb25e039-8d91-43c9-bb65-ba840cda9540,Amazon India,4860.78,2021-11-15T00:00:29.000000
8c01d28e-f2bd-4daa-9c5b-d7a88fe570b9,8a0d3b57-999b-41fe-9e5d-fabdac6f7813,Myntra,2086.97,2022-09-13T12:35:54.000000
4a26b3bb-5ad1-43fc-acda-5164cd43f749,8390be89-abde-48de-afba-2c444fd5eedf,Croma,3866.01,2022-07-19T03:16:00.000000
46e7bbeb-aa92-41b2-927b-ee3130af67f6,db4d38d8-da76-45df-a223-5dd2258e431a,Amazon India,3841.77,2022-08-02T08:00:43.000000
f9432081-1536-4eeb-8c52-19a0c008babc,04d44bd0-d3c8-4103-8601-6ed59b7bee73,Tata CLiQ,2083.85,2022-08-12T22:55:37.000000
